{"offline_id": "bfcd571939d54722926fc13779fd58c5", "project_name": "yolov5", "start_time": 1725374476615, "stop_time": 1725374505181, "tags": [], "workspace": null, "resume_strategy": "create", "customer_error_reported": true, "customer_error_message": "Unexpected error detected in the user script: AssertionError('\\x1b[34m\\x1b[1mtrain: \\x1b[0mNo labels found in D:\\\\github_fm4l\\\\yolov5\\\\dataset\\\\images_train.cache, can not start training. See https://docs.ultralytics.com/yolov5/tutorials/train_custom_data')", "user_provided_experiment_key": false, "comet_start_sourced": false}