{"payload":{"installed_packages":["absl-py==2.1.0","attrs==24.1.0","autocommand==2.2.2","backports.tarfile==1.2.0","certifi==2024.7.4","charset-normalizer==3.3.2","colorama==0.4.6","comet-ml==3.44.3","configobj==5.0.8","contourpy==1.2.1","cycler==0.12.1","dulwich==0.22.1","everett==3.1.0","filelock==3.13.1","fonttools==4.53.1","fsspec==2024.2.0","gitdb==4.0.11","gitpython==3.1.43","grpcio==1.65.4","idna==3.7","importlib_metadata==8.0.0","importlib_resources==6.4.0","inflect==7.3.1","jaraco.context==5.3.0","jaraco.functools==4.0.1","jaraco.text==3.12.1","jinja2==3.1.3","jsonschema==4.23.0","jsonschema-specifications==2023.12.1","kiwisolver==1.4.5","markdown==3.6","markdown-it-py==3.0.0","markupsafe==2.1.5","matplotlib==3.9.1","mdurl==0.1.2","more-itertools==10.3.0","mpmath==1.3.0","networkx==3.2.1","numpy==1.26.3","opencv-python==4.10.0.84","ordered-set==4.1.0","packaging==24.1","packaging==24.1","pandas==2.2.2","pillow==10.4.0","pip==24.0","platformdirs==4.2.2","protobuf==4.25.4","psutil==6.0.0","py-cpuinfo==9.0.0","pygments==2.18.0","pyparsing==3.1.2","python-box==6.1.0","python-dateutil==2.9.0.post0","pytz==2024.1","pyyaml==6.0.1","referencing==0.35.1","requests==2.32.3","requests-toolbelt==1.0.0","rich==13.7.1","rpds-py==0.19.1","scipy==1.14.0","seaborn==0.13.2","semantic-version==2.10.0","sentry-sdk==2.12.0","setuptools==72.1.0","simplejson==3.19.2","six==1.16.0","smmap==5.0.1","sympy==1.12","tensorboard==2.17.0","tensorboard-data-server==0.7.2","thop==0.1.1-2209072238","tomli==2.0.1","torch==2.4.0+cu118","torchaudio==2.4.0+cu118","torchvision==0.19.0+cu118","tqdm==4.66.4","typeguard==4.3.0","typing_extensions==4.12.2","typing_extensions==4.9.0","tzdata==2024.1","ultralytics==8.2.71","ultralytics-thop==2.0.0","urllib3==2.2.2","werkzeug==3.0.3","wheel==0.43.0","wrapt==1.16.0","wurlitzer==3.1.1","zipp==3.19.2"],"message_id":1},"type":"installed_packages"}
{"payload":{"command":["train.py","--epochs","2","--batch-size","4","--imgsz","224","--data","data/food10.yaml"],"env":null,"hostname":"LAPTOP-NEJ1END5","ip":"192.168.1.9","machine":"AMD64","message_id":2,"os":"Windows-10-10.0.22631-SP0","os_release":"10","os_type":"Windows","pid":184,"processor":"AMD64 Family 25 Model 80 Stepping 0, AuthenticAMD","python_exe":"D:\\github_fm4l\\yolov5\\venv\\Scripts\\python.exe","python_version":"3.11.9","python_version_verbose":"3.11.9 (tags/v3.11.9:de54cf5, Apr  2 2024, 10:12:12) [MSC v.1938 64 bit (AMD64)]","user":"ACER"},"type":"system_details"}
{"payload":{"gpu_static_info":[{"gpu_index":0,"name":"NVIDIA GeForce RTX 3060 Laptop GPU","power_limit":95000,"total_memory":6442450944,"uuid":"GPU-f053b8c0-d651-3152-92a0-385a62bfe122"}],"message_id":3},"type":"gpu_static_info"}
{"payload":{"local_timestamp":1725374146225,"message_id":4,"metric":{"epoch":null,"metricName":"sys.gpu.0.total_memory","metricValue":6442450944,"step":null}},"type":"metric_msg"}
{"payload":{"local_timestamp":1725374146227,"message_id":5,"param":{"paramName":"epochs","paramValue":2,"source":"cli","step":null}},"type":"parameter_msg"}
{"payload":{"local_timestamp":1725374146227,"message_id":6,"param":{"paramName":"batch-size","paramValue":4,"source":"cli","step":null}},"type":"parameter_msg"}
{"payload":{"local_timestamp":1725374146227,"message_id":7,"param":{"paramName":"imgsz","paramValue":224,"source":"cli","step":null}},"type":"parameter_msg"}
{"payload":{"local_timestamp":1725374146227,"message_id":8,"param":{"paramName":"data","paramValue":"data/food10.yaml","source":"cli","step":null}},"type":"parameter_msg"}
{"payload":{"key":"offline_experiment","message_id":9,"value":true},"type":"log_other"}
{"payload":{"key":"Name","message_id":10,"value":"exp"},"type":"log_other"}
{"payload":{"local_timestamp":1725374146229,"message_id":11,"metric":{"epoch":null,"metricName":"sys.gpu.0.gpu_utilization","metricValue":5,"step":null}},"type":"metric_msg"}
{"payload":{"local_timestamp":1725374146229,"message_id":12,"metric":{"epoch":null,"metricName":"sys.gpu.0.power_usage","metricValue":11644,"step":null}},"type":"metric_msg"}
{"payload":{"local_timestamp":1725374146229,"message_id":13,"metric":{"epoch":null,"metricName":"sys.gpu.0.temperature","metricValue":46,"step":null}},"type":"metric_msg"}
{"payload":{"local_timestamp":1725374146229,"message_id":14,"metric":{"epoch":null,"metricName":"sys.gpu.0.memory_utilization","metricValue":4,"step":null}},"type":"metric_msg"}
{"payload":{"local_timestamp":1725374146229,"message_id":15,"metric":{"epoch":null,"metricName":"sys.gpu.0.free_memory","metricValue":6139572224,"step":null}},"type":"metric_msg"}
{"payload":{"local_timestamp":1725374146229,"message_id":16,"metric":{"epoch":null,"metricName":"sys.gpu.0.used_memory","metricValue":302878720,"step":null}},"type":"metric_msg"}
{"payload":{"local_timestamp":1725374146229,"message_id":17,"metric":{"epoch":null,"metricName":"sys.gpu.0.percent.used_memory","metricValue":4.70129648844401,"step":null}},"type":"metric_msg"}
{"payload":{"additional_params":{"assetId":"f12fe65e351e4f488f31da9d8e620846","context":null,"extension":"yaml","fileName":"food10.yaml","overwrite":false,"runId":null,"step":null},"clean":true,"file_path":"tmp6jzcxgz2","local_timestamp":1725374146237,"message_id":18,"metadata":{"type":"data-config-file"},"upload_type":"asset"},"type":"file_upload"}
{"payload":{"local_timestamp":1725374146244,"message_id":19,"output":"\nDataset not found , missing paths ['D:\\\\dataset54\\\\images']\n","stderr":true},"type":"standard_output"}
{"payload":{"local_timestamp":1725374146244,"message_id":20,"output":"Traceback (most recent call last):\n","stderr":true},"type":"standard_output"}
{"payload":{"local_timestamp":1725374146245,"message_id":21,"output":"  File \"D:\\github_fm4l\\yolov5\\train.py\", line 987, in <module>\n","stderr":true},"type":"standard_output"}
{"payload":{"local_timestamp":1725374146245,"message_id":22,"output":"    ","stderr":true},"type":"standard_output"}
{"payload":{"local_timestamp":1725374146245,"message_id":23,"output":"main(opt)","stderr":true},"type":"standard_output"}
{"payload":{"local_timestamp":1725374146245,"message_id":24,"output":"\n","stderr":true},"type":"standard_output"}
{"payload":{"local_timestamp":1725374146245,"message_id":25,"output":"  File \"D:\\github_fm4l\\yolov5\\train.py\", line 689, in main\n","stderr":true},"type":"standard_output"}
{"payload":{"local_timestamp":1725374146247,"message_id":26,"output":"    ","stderr":true},"type":"standard_output"}
{"payload":{"local_timestamp":1725374146247,"message_id":27,"output":"train(opt.hyp, opt, device, callbacks)","stderr":true},"type":"standard_output"}
{"payload":{"local_timestamp":1725374146247,"message_id":28,"output":"\n","stderr":true},"type":"standard_output"}
{"payload":{"local_timestamp":1725374146247,"message_id":29,"output":"  File \"D:\\github_fm4l\\yolov5\\train.py\", line 180, in train\n","stderr":true},"type":"standard_output"}
{"payload":{"local_timestamp":1725374146247,"message_id":30,"output":"    ","stderr":true},"type":"standard_output"}
{"payload":{"local_timestamp":1725374146247,"message_id":31,"output":"loggers = Loggers(","stderr":true},"type":"standard_output"}
{"payload":{"local_timestamp":1725374146247,"message_id":32,"output":"\n","stderr":true},"type":"standard_output"}
{"payload":{"local_timestamp":1725374146247,"message_id":33,"output":" ","stderr":true},"type":"standard_output"}
{"payload":{"local_timestamp":1725374146247,"message_id":34,"output":" ","stderr":true},"type":"standard_output"}
{"payload":{"local_timestamp":1725374146247,"message_id":35,"output":" ","stderr":true},"type":"standard_output"}
{"payload":{"local_timestamp":1725374146247,"message_id":36,"output":" ","stderr":true},"type":"standard_output"}
{"payload":{"local_timestamp":1725374146247,"message_id":37,"output":" ","stderr":true},"type":"standard_output"}
{"payload":{"local_timestamp":1725374146247,"message_id":38,"output":" ","stderr":true},"type":"standard_output"}
{"payload":{"local_timestamp":1725374146247,"message_id":39,"output":" ","stderr":true},"type":"standard_output"}
{"payload":{"local_timestamp":1725374146247,"message_id":40,"output":" ","stderr":true},"type":"standard_output"}
{"payload":{"local_timestamp":1725374146247,"message_id":41,"output":" ","stderr":true},"type":"standard_output"}
{"payload":{"local_timestamp":1725374146247,"message_id":42,"output":" ","stderr":true},"type":"standard_output"}
{"payload":{"local_timestamp":1725374146247,"message_id":43,"output":" ","stderr":true},"type":"standard_output"}
{"payload":{"local_timestamp":1725374146247,"message_id":44,"output":" ","stderr":true},"type":"standard_output"}
{"payload":{"local_timestamp":1725374146247,"message_id":45,"output":" ","stderr":true},"type":"standard_output"}
{"payload":{"local_timestamp":1725374146247,"message_id":46,"output":" ","stderr":true},"type":"standard_output"}
{"payload":{"local_timestamp":1725374146247,"message_id":47,"output":"^","stderr":true},"type":"standard_output"}
{"payload":{"local_timestamp":1725374146247,"message_id":48,"output":"^","stderr":true},"type":"standard_output"}
{"payload":{"local_timestamp":1725374146247,"message_id":49,"output":"^","stderr":true},"type":"standard_output"}
{"payload":{"local_timestamp":1725374146247,"message_id":50,"output":"^","stderr":true},"type":"standard_output"}
{"payload":{"local_timestamp":1725374146247,"message_id":51,"output":"^","stderr":true},"type":"standard_output"}
{"payload":{"local_timestamp":1725374146247,"message_id":52,"output":"^","stderr":true},"type":"standard_output"}
{"payload":{"local_timestamp":1725374146247,"message_id":53,"output":"^","stderr":true},"type":"standard_output"}
{"payload":{"local_timestamp":1725374146247,"message_id":54,"output":"^","stderr":true},"type":"standard_output"}
{"payload":{"local_timestamp":1725374146247,"message_id":55,"output":"\n","stderr":true},"type":"standard_output"}
{"payload":{"local_timestamp":1725374146247,"message_id":56,"output":"  File \"D:\\github_fm4l\\yolov5\\utils\\loggers\\__init__.py\", line 152, in __init__\n","stderr":true},"type":"standard_output"}
{"payload":{"local_timestamp":1725374146248,"message_id":57,"output":"    ","stderr":true},"type":"standard_output"}
{"payload":{"local_timestamp":1725374146248,"message_id":58,"output":"self.comet_logger = CometLogger(self.opt, self.hyp)","stderr":true},"type":"standard_output"}
{"payload":{"local_timestamp":1725374146248,"message_id":59,"output":"\n","stderr":true},"type":"standard_output"}
{"payload":{"local_timestamp":1725374146248,"message_id":60,"output":" ","stderr":true},"type":"standard_output"}
{"payload":{"local_timestamp":1725374146248,"message_id":61,"output":" ","stderr":true},"type":"standard_output"}
{"payload":{"local_timestamp":1725374146248,"message_id":62,"output":" ","stderr":true},"type":"standard_output"}
{"payload":{"local_timestamp":1725374146248,"message_id":63,"output":" ","stderr":true},"type":"standard_output"}
{"payload":{"local_timestamp":1725374146248,"message_id":64,"output":" ","stderr":true},"type":"standard_output"}
{"payload":{"local_timestamp":1725374146248,"message_id":65,"output":" ","stderr":true},"type":"standard_output"}
{"payload":{"local_timestamp":1725374146248,"message_id":66,"output":" ","stderr":true},"type":"standard_output"}
{"payload":{"local_timestamp":1725374146248,"message_id":67,"output":" ","stderr":true},"type":"standard_output"}
{"payload":{"local_timestamp":1725374146248,"message_id":68,"output":" ","stderr":true},"type":"standard_output"}
{"payload":{"local_timestamp":1725374146248,"message_id":69,"output":" ","stderr":true},"type":"standard_output"}
{"payload":{"local_timestamp":1725374146248,"message_id":70,"output":" ","stderr":true},"type":"standard_output"}
{"payload":{"local_timestamp":1725374146248,"message_id":71,"output":" ","stderr":true},"type":"standard_output"}
{"payload":{"local_timestamp":1725374146248,"message_id":72,"output":" ","stderr":true},"type":"standard_output"}
{"payload":{"local_timestamp":1725374146248,"message_id":73,"output":" ","stderr":true},"type":"standard_output"}
{"payload":{"local_timestamp":1725374146248,"message_id":74,"output":" ","stderr":true},"type":"standard_output"}
{"payload":{"local_timestamp":1725374146248,"message_id":75,"output":" ","stderr":true},"type":"standard_output"}
{"payload":{"local_timestamp":1725374146248,"message_id":76,"output":" ","stderr":true},"type":"standard_output"}
{"payload":{"local_timestamp":1725374146248,"message_id":77,"output":" ","stderr":true},"type":"standard_output"}
{"payload":{"local_timestamp":1725374146248,"message_id":78,"output":" ","stderr":true},"type":"standard_output"}
{"payload":{"local_timestamp":1725374146248,"message_id":79,"output":" ","stderr":true},"type":"standard_output"}
{"payload":{"local_timestamp":1725374146248,"message_id":80,"output":" ","stderr":true},"type":"standard_output"}
{"payload":{"local_timestamp":1725374146248,"message_id":81,"output":" ","stderr":true},"type":"standard_output"}
{"payload":{"local_timestamp":1725374146248,"message_id":82,"output":" ","stderr":true},"type":"standard_output"}
{"payload":{"local_timestamp":1725374146248,"message_id":83,"output":" ","stderr":true},"type":"standard_output"}
{"payload":{"local_timestamp":1725374146248,"message_id":84,"output":"^","stderr":true},"type":"standard_output"}
{"payload":{"local_timestamp":1725374146248,"message_id":85,"output":"^","stderr":true},"type":"standard_output"}
{"payload":{"local_timestamp":1725374146248,"message_id":86,"output":"^","stderr":true},"type":"standard_output"}
{"payload":{"local_timestamp":1725374146248,"message_id":87,"output":"^","stderr":true},"type":"standard_output"}
{"payload":{"local_timestamp":1725374146248,"message_id":88,"output":"^","stderr":true},"type":"standard_output"}
{"payload":{"local_timestamp":1725374146248,"message_id":89,"output":"^","stderr":true},"type":"standard_output"}
{"payload":{"local_timestamp":1725374146248,"message_id":90,"output":"^","stderr":true},"type":"standard_output"}
{"payload":{"local_timestamp":1725374146248,"message_id":91,"output":"^","stderr":true},"type":"standard_output"}
{"payload":{"local_timestamp":1725374146248,"message_id":92,"output":"^","stderr":true},"type":"standard_output"}
{"payload":{"local_timestamp":1725374146248,"message_id":93,"output":"^","stderr":true},"type":"standard_output"}
{"payload":{"local_timestamp":1725374146248,"message_id":94,"output":"^","stderr":true},"type":"standard_output"}
{"payload":{"local_timestamp":1725374146248,"message_id":95,"output":"^","stderr":true},"type":"standard_output"}
{"payload":{"local_timestamp":1725374146248,"message_id":96,"output":"^","stderr":true},"type":"standard_output"}
{"payload":{"local_timestamp":1725374146248,"message_id":97,"output":"^","stderr":true},"type":"standard_output"}
{"payload":{"local_timestamp":1725374146248,"message_id":98,"output":"^","stderr":true},"type":"standard_output"}
{"payload":{"local_timestamp":1725374146248,"message_id":99,"output":"^","stderr":true},"type":"standard_output"}
{"payload":{"local_timestamp":1725374146248,"message_id":100,"output":"^","stderr":true},"type":"standard_output"}
{"payload":{"local_timestamp":1725374146248,"message_id":101,"output":"^","stderr":true},"type":"standard_output"}
{"payload":{"local_timestamp":1725374146248,"message_id":102,"output":"^","stderr":true},"type":"standard_output"}
{"payload":{"local_timestamp":1725374146248,"message_id":103,"output":"^","stderr":true},"type":"standard_output"}
{"payload":{"local_timestamp":1725374146248,"message_id":104,"output":"^","stderr":true},"type":"standard_output"}
{"payload":{"local_timestamp":1725374146248,"message_id":105,"output":"^","stderr":true},"type":"standard_output"}
{"payload":{"local_timestamp":1725374146248,"message_id":106,"output":"^","stderr":true},"type":"standard_output"}
{"payload":{"local_timestamp":1725374146248,"message_id":107,"output":"^","stderr":true},"type":"standard_output"}
{"payload":{"local_timestamp":1725374146248,"message_id":108,"output":"^","stderr":true},"type":"standard_output"}
{"payload":{"local_timestamp":1725374146248,"message_id":109,"output":"^","stderr":true},"type":"standard_output"}
{"payload":{"local_timestamp":1725374146248,"message_id":110,"output":"^","stderr":true},"type":"standard_output"}
{"payload":{"local_timestamp":1725374146248,"message_id":111,"output":"^","stderr":true},"type":"standard_output"}
{"payload":{"local_timestamp":1725374146248,"message_id":112,"output":"^","stderr":true},"type":"standard_output"}
{"payload":{"local_timestamp":1725374146248,"message_id":113,"output":"^","stderr":true},"type":"standard_output"}
{"payload":{"local_timestamp":1725374146248,"message_id":114,"output":"^","stderr":true},"type":"standard_output"}
{"payload":{"local_timestamp":1725374146248,"message_id":115,"output":"\n","stderr":true},"type":"standard_output"}
{"payload":{"local_timestamp":1725374146248,"message_id":116,"output":"  File \"D:\\github_fm4l\\yolov5\\utils\\loggers\\comet\\__init__.py\", line 102, in __init__\n","stderr":true},"type":"standard_output"}
{"payload":{"local_timestamp":1725374146249,"message_id":117,"output":"    ","stderr":true},"type":"standard_output"}
{"payload":{"local_timestamp":1725374146249,"message_id":118,"output":"self.data_dict = self.check_dataset(self.opt.data)","stderr":true},"type":"standard_output"}
{"payload":{"local_timestamp":1725374146249,"message_id":119,"output":"\n","stderr":true},"type":"standard_output"}
{"payload":{"local_timestamp":1725374146249,"message_id":120,"output":" ","stderr":true},"type":"standard_output"}
{"payload":{"local_timestamp":1725374146249,"message_id":121,"output":" ","stderr":true},"type":"standard_output"}
{"payload":{"local_timestamp":1725374146249,"message_id":122,"output":" ","stderr":true},"type":"standard_output"}
{"payload":{"local_timestamp":1725374146249,"message_id":123,"output":" ","stderr":true},"type":"standard_output"}
{"payload":{"local_timestamp":1725374146249,"message_id":124,"output":" ","stderr":true},"type":"standard_output"}
{"payload":{"local_timestamp":1725374146249,"message_id":125,"output":" ","stderr":true},"type":"standard_output"}
{"payload":{"local_timestamp":1725374146249,"message_id":126,"output":" ","stderr":true},"type":"standard_output"}
{"payload":{"local_timestamp":1725374146249,"message_id":127,"output":" ","stderr":true},"type":"standard_output"}
{"payload":{"local_timestamp":1725374146249,"message_id":128,"output":" ","stderr":true},"type":"standard_output"}
{"payload":{"local_timestamp":1725374146249,"message_id":129,"output":" ","stderr":true},"type":"standard_output"}
{"payload":{"local_timestamp":1725374146249,"message_id":130,"output":" ","stderr":true},"type":"standard_output"}
{"payload":{"local_timestamp":1725374146249,"message_id":131,"output":" ","stderr":true},"type":"standard_output"}
{"payload":{"local_timestamp":1725374146249,"message_id":132,"output":" ","stderr":true},"type":"standard_output"}
{"payload":{"local_timestamp":1725374146249,"message_id":133,"output":" ","stderr":true},"type":"standard_output"}
{"payload":{"local_timestamp":1725374146249,"message_id":134,"output":" ","stderr":true},"type":"standard_output"}
{"payload":{"local_timestamp":1725374146249,"message_id":135,"output":" ","stderr":true},"type":"standard_output"}
{"payload":{"local_timestamp":1725374146249,"message_id":136,"output":" ","stderr":true},"type":"standard_output"}
{"payload":{"local_timestamp":1725374146249,"message_id":137,"output":" ","stderr":true},"type":"standard_output"}
{"payload":{"local_timestamp":1725374146249,"message_id":138,"output":" ","stderr":true},"type":"standard_output"}
{"payload":{"local_timestamp":1725374146249,"message_id":139,"output":" ","stderr":true},"type":"standard_output"}
{"payload":{"local_timestamp":1725374146249,"message_id":140,"output":" ","stderr":true},"type":"standard_output"}
{"payload":{"local_timestamp":1725374146249,"message_id":141,"output":"^","stderr":true},"type":"standard_output"}
{"payload":{"local_timestamp":1725374146249,"message_id":142,"output":"^","stderr":true},"type":"standard_output"}
{"payload":{"local_timestamp":1725374146249,"message_id":143,"output":"^","stderr":true},"type":"standard_output"}
{"payload":{"local_timestamp":1725374146249,"message_id":144,"output":"^","stderr":true},"type":"standard_output"}
{"payload":{"local_timestamp":1725374146249,"message_id":145,"output":"^","stderr":true},"type":"standard_output"}
{"payload":{"local_timestamp":1725374146249,"message_id":146,"output":"^","stderr":true},"type":"standard_output"}
{"payload":{"local_timestamp":1725374146249,"message_id":147,"output":"^","stderr":true},"type":"standard_output"}
{"payload":{"local_timestamp":1725374146249,"message_id":148,"output":"^","stderr":true},"type":"standard_output"}
{"payload":{"local_timestamp":1725374146249,"message_id":149,"output":"^","stderr":true},"type":"standard_output"}
{"payload":{"local_timestamp":1725374146249,"message_id":150,"output":"^","stderr":true},"type":"standard_output"}
{"payload":{"local_timestamp":1725374146249,"message_id":151,"output":"^","stderr":true},"type":"standard_output"}
{"payload":{"local_timestamp":1725374146249,"message_id":152,"output":"^","stderr":true},"type":"standard_output"}
{"payload":{"local_timestamp":1725374146249,"message_id":153,"output":"^","stderr":true},"type":"standard_output"}
{"payload":{"local_timestamp":1725374146249,"message_id":154,"output":"^","stderr":true},"type":"standard_output"}
{"payload":{"local_timestamp":1725374146249,"message_id":155,"output":"^","stderr":true},"type":"standard_output"}
{"payload":{"local_timestamp":1725374146249,"message_id":156,"output":"^","stderr":true},"type":"standard_output"}
{"payload":{"local_timestamp":1725374146249,"message_id":157,"output":"^","stderr":true},"type":"standard_output"}
{"payload":{"local_timestamp":1725374146249,"message_id":158,"output":"^","stderr":true},"type":"standard_output"}
{"payload":{"local_timestamp":1725374146249,"message_id":159,"output":"^","stderr":true},"type":"standard_output"}
{"payload":{"local_timestamp":1725374146249,"message_id":160,"output":"^","stderr":true},"type":"standard_output"}
{"payload":{"local_timestamp":1725374146249,"message_id":161,"output":"^","stderr":true},"type":"standard_output"}
{"payload":{"local_timestamp":1725374146249,"message_id":162,"output":"^","stderr":true},"type":"standard_output"}
{"payload":{"local_timestamp":1725374146249,"message_id":163,"output":"^","stderr":true},"type":"standard_output"}
{"payload":{"local_timestamp":1725374146249,"message_id":164,"output":"^","stderr":true},"type":"standard_output"}
{"payload":{"local_timestamp":1725374146249,"message_id":165,"output":"^","stderr":true},"type":"standard_output"}
{"payload":{"local_timestamp":1725374146249,"message_id":166,"output":"^","stderr":true},"type":"standard_output"}
{"payload":{"local_timestamp":1725374146249,"message_id":167,"output":"^","stderr":true},"type":"standard_output"}
{"payload":{"local_timestamp":1725374146249,"message_id":168,"output":"^","stderr":true},"type":"standard_output"}
{"payload":{"local_timestamp":1725374146249,"message_id":169,"output":"^","stderr":true},"type":"standard_output"}
{"payload":{"local_timestamp":1725374146249,"message_id":170,"output":"^","stderr":true},"type":"standard_output"}
{"payload":{"local_timestamp":1725374146249,"message_id":171,"output":"^","stderr":true},"type":"standard_output"}
{"payload":{"local_timestamp":1725374146249,"message_id":172,"output":"^","stderr":true},"type":"standard_output"}
{"payload":{"local_timestamp":1725374146249,"message_id":173,"output":"^","stderr":true},"type":"standard_output"}
{"payload":{"local_timestamp":1725374146249,"message_id":174,"output":"\n","stderr":true},"type":"standard_output"}
{"payload":{"local_timestamp":1725374146249,"message_id":175,"output":"  File \"D:\\github_fm4l\\yolov5\\utils\\loggers\\comet\\__init__.py\", line 260, in check_dataset\n","stderr":true},"type":"standard_output"}
{"payload":{"local_timestamp":1725374146250,"message_id":176,"output":"    ","stderr":true},"type":"standard_output"}
{"payload":{"local_timestamp":1725374146250,"message_id":177,"output":"return check_dataset(data_file)","stderr":true},"type":"standard_output"}
{"payload":{"local_timestamp":1725374146250,"message_id":178,"output":"\n","stderr":true},"type":"standard_output"}
{"payload":{"local_timestamp":1725374146250,"message_id":179,"output":" ","stderr":true},"type":"standard_output"}
{"payload":{"local_timestamp":1725374146250,"message_id":180,"output":" ","stderr":true},"type":"standard_output"}
{"payload":{"local_timestamp":1725374146250,"message_id":181,"output":" ","stderr":true},"type":"standard_output"}
{"payload":{"local_timestamp":1725374146250,"message_id":182,"output":" ","stderr":true},"type":"standard_output"}
{"payload":{"local_timestamp":1725374146250,"message_id":183,"output":" ","stderr":true},"type":"standard_output"}
{"payload":{"local_timestamp":1725374146250,"message_id":184,"output":" ","stderr":true},"type":"standard_output"}
{"payload":{"local_timestamp":1725374146250,"message_id":185,"output":" ","stderr":true},"type":"standard_output"}
{"payload":{"local_timestamp":1725374146250,"message_id":186,"output":" ","stderr":true},"type":"standard_output"}
{"payload":{"local_timestamp":1725374146250,"message_id":187,"output":" ","stderr":true},"type":"standard_output"}
{"payload":{"local_timestamp":1725374146250,"message_id":188,"output":" ","stderr":true},"type":"standard_output"}
{"payload":{"local_timestamp":1725374146250,"message_id":189,"output":" ","stderr":true},"type":"standard_output"}
{"payload":{"local_timestamp":1725374146250,"message_id":190,"output":"^","stderr":true},"type":"standard_output"}
{"payload":{"local_timestamp":1725374146250,"message_id":191,"output":"^","stderr":true},"type":"standard_output"}
{"payload":{"local_timestamp":1725374146250,"message_id":192,"output":"^","stderr":true},"type":"standard_output"}
{"payload":{"local_timestamp":1725374146250,"message_id":193,"output":"^","stderr":true},"type":"standard_output"}
{"payload":{"local_timestamp":1725374146250,"message_id":194,"output":"^","stderr":true},"type":"standard_output"}
{"payload":{"local_timestamp":1725374146250,"message_id":195,"output":"^","stderr":true},"type":"standard_output"}
{"payload":{"local_timestamp":1725374146250,"message_id":196,"output":"^","stderr":true},"type":"standard_output"}
{"payload":{"local_timestamp":1725374146250,"message_id":197,"output":"^","stderr":true},"type":"standard_output"}
{"payload":{"local_timestamp":1725374146250,"message_id":198,"output":"^","stderr":true},"type":"standard_output"}
{"payload":{"local_timestamp":1725374146250,"message_id":199,"output":"^","stderr":true},"type":"standard_output"}
{"payload":{"local_timestamp":1725374146250,"message_id":200,"output":"^","stderr":true},"type":"standard_output"}
{"payload":{"local_timestamp":1725374146250,"message_id":201,"output":"^","stderr":true},"type":"standard_output"}
{"payload":{"local_timestamp":1725374146250,"message_id":202,"output":"^","stderr":true},"type":"standard_output"}
{"payload":{"local_timestamp":1725374146250,"message_id":203,"output":"^","stderr":true},"type":"standard_output"}
{"payload":{"local_timestamp":1725374146250,"message_id":204,"output":"^","stderr":true},"type":"standard_output"}
{"payload":{"local_timestamp":1725374146250,"message_id":205,"output":"^","stderr":true},"type":"standard_output"}
{"payload":{"local_timestamp":1725374146250,"message_id":206,"output":"^","stderr":true},"type":"standard_output"}
{"payload":{"local_timestamp":1725374146250,"message_id":207,"output":"^","stderr":true},"type":"standard_output"}
{"payload":{"local_timestamp":1725374146250,"message_id":208,"output":"^","stderr":true},"type":"standard_output"}
{"payload":{"local_timestamp":1725374146250,"message_id":209,"output":"^","stderr":true},"type":"standard_output"}
{"payload":{"local_timestamp":1725374146250,"message_id":210,"output":"^","stderr":true},"type":"standard_output"}
{"payload":{"local_timestamp":1725374146250,"message_id":211,"output":"^","stderr":true},"type":"standard_output"}
{"payload":{"local_timestamp":1725374146250,"message_id":212,"output":"^","stderr":true},"type":"standard_output"}
{"payload":{"local_timestamp":1725374146250,"message_id":213,"output":"^","stderr":true},"type":"standard_output"}
{"payload":{"local_timestamp":1725374146250,"message_id":214,"output":"\n","stderr":true},"type":"standard_output"}
{"payload":{"local_timestamp":1725374146250,"message_id":215,"output":"  File \"D:\\github_fm4l\\yolov5\\utils\\general.py\", line 563, in check_dataset\n","stderr":true},"type":"standard_output"}
{"payload":{"local_timestamp":1725374146251,"message_id":216,"output":"    ","stderr":true},"type":"standard_output"}
{"payload":{"local_timestamp":1725374146251,"message_id":217,"output":"raise Exception(\"Dataset not found \u274c\")","stderr":true},"type":"standard_output"}
{"payload":{"local_timestamp":1725374146251,"message_id":218,"output":"\n","stderr":true},"type":"standard_output"}
{"payload":{"local_timestamp":1725374146251,"message_id":219,"output":"Exception","stderr":true},"type":"standard_output"}
{"payload":{"local_timestamp":1725374146251,"message_id":220,"output":": ","stderr":true},"type":"standard_output"}
{"payload":{"local_timestamp":1725374146251,"message_id":221,"output":"Dataset not found \u274c","stderr":true},"type":"standard_output"}
{"payload":{"local_timestamp":1725374146251,"message_id":222,"output":"\n","stderr":true},"type":"standard_output"}
{"payload":{"local_timestamp":1725374146252,"message_id":223,"output":"\u001b[1;38;5;39mCOMET INFO:\u001b[0m The process of logging environment details (conda environment, git patch) is underway. Please be patient as this may take some time.\n","stderr":true},"type":"standard_output"}
{"payload":{"local_timestamp":1725374146538,"message_id":224,"metric":{"epoch":null,"metricName":"sys.cpu.percent.avg","metricValue":0.0,"step":null}},"type":"metric_msg"}
{"payload":{"local_timestamp":1725374146538,"message_id":225,"metric":{"epoch":null,"metricName":"sys.ram.total","metricValue":16487870464,"step":null}},"type":"metric_msg"}
{"payload":{"local_timestamp":1725374146538,"message_id":226,"metric":{"epoch":null,"metricName":"sys.ram.used","metricValue":9558949888,"step":null}},"type":"metric_msg"}
{"payload":{"local_timestamp":1725374146538,"message_id":227,"metric":{"epoch":null,"metricName":"sys.ram.available","metricValue":6928920576,"step":null}},"type":"metric_msg"}
{"payload":{"local_timestamp":1725374146538,"message_id":228,"metric":{"epoch":null,"metricName":"sys.ram.percent.used","metricValue":58.0,"step":null}},"type":"metric_msg"}
{"payload":{"local_timestamp":1725374146538,"message_id":229,"metric":{"epoch":null,"metricName":"sys.load.avg","metricValue":0.0,"step":null}},"type":"metric_msg"}
{"payload":{"git_metadata":{"branch":"refs/heads/main","origin":"https://github.com/KorawichInt/yolov5.git","parent":"e6491caa23de77b69b2c25c10cd0fe4718302bf4","repo_name":"yolov5","root":"1e84a23f38fad9e52b59101e9f1246d93066ed1e","status":null,"user":"KorawichInt"},"message_id":230},"type":"git_metadata"}
{"payload":{"local_timestamp":1725374146830,"message_id":231,"output":"\u001b[1;38;5;39mCOMET INFO:\u001b[0m ---------------------------------------------------------------------------------------\n","stderr":true},"type":"standard_output"}
{"payload":{"local_timestamp":1725374146830,"message_id":232,"output":"\u001b[1;38;5;39mCOMET INFO:\u001b[0m Comet.ml OfflineExperiment Summary\n","stderr":true},"type":"standard_output"}
{"payload":{"local_timestamp":1725374146830,"message_id":233,"output":"\u001b[1;38;5;39mCOMET INFO:\u001b[0m ---------------------------------------------------------------------------------------\n","stderr":true},"type":"standard_output"}
{"payload":{"local_timestamp":1725374146830,"message_id":234,"output":"\u001b[1;38;5;39mCOMET INFO:\u001b[0m   Data:\n","stderr":true},"type":"standard_output"}
{"payload":{"local_timestamp":1725374146832,"message_id":235,"output":"\u001b[1;38;5;39mCOMET INFO:\u001b[0m     display_summary_level : 1\n","stderr":true},"type":"standard_output"}
{"payload":{"local_timestamp":1725374146832,"message_id":236,"output":"\u001b[1;38;5;39mCOMET INFO:\u001b[0m     name                  : exp\n","stderr":true},"type":"standard_output"}
{"payload":{"local_timestamp":1725374146832,"message_id":237,"output":"\u001b[1;38;5;39mCOMET INFO:\u001b[0m     url                   : [OfflineExperiment will get URL after upload]\n","stderr":true},"type":"standard_output"}
{"payload":{"local_timestamp":1725374146832,"message_id":238,"output":"\u001b[1;38;5;39mCOMET INFO:\u001b[0m   Others:\n","stderr":true},"type":"standard_output"}
{"payload":{"local_timestamp":1725374146833,"message_id":239,"output":"\u001b[1;38;5;39mCOMET INFO:\u001b[0m     Name               : exp\n","stderr":true},"type":"standard_output"}
{"payload":{"local_timestamp":1725374146833,"message_id":240,"output":"\u001b[1;38;5;39mCOMET INFO:\u001b[0m     offline_experiment : True\n","stderr":true},"type":"standard_output"}
{"payload":{"local_timestamp":1725374146833,"message_id":241,"output":"\u001b[1;38;5;39mCOMET INFO:\u001b[0m   Uploads:\n","stderr":true},"type":"standard_output"}
{"payload":{"local_timestamp":1725374146833,"message_id":242,"output":"\u001b[1;38;5;39mCOMET INFO:\u001b[0m     asset               : 1 (1011 bytes)\n","stderr":true},"type":"standard_output"}
{"payload":{"local_timestamp":1725374146833,"message_id":243,"output":"\u001b[1;38;5;39mCOMET INFO:\u001b[0m     environment details : 1\n","stderr":true},"type":"standard_output"}
{"payload":{"local_timestamp":1725374146833,"message_id":244,"output":"\u001b[1;38;5;39mCOMET INFO:\u001b[0m     git metadata        : 1\n","stderr":true},"type":"standard_output"}
{"payload":{"local_timestamp":1725374146835,"message_id":245,"output":"\u001b[1;38;5;39mCOMET INFO:\u001b[0m     installed packages  : 1\n","stderr":true},"type":"standard_output"}
{"payload":{"local_timestamp":1725374146835,"message_id":246,"output":"\u001b[1;38;5;39mCOMET INFO:\u001b[0m \n","stderr":true},"type":"standard_output"}
